{
    "1.1.10_C1": {
        "bicorr": 0.0727502698352076,
        "percentile": 9.375,
        "tag": "_dec_29"
    },
    "1.1.1_C1": {
        "bicorr": 0.058344709202577526,
        "percentile": 18.75,
        "tag": "_dec_29"
    },
    "1.1.3_C1": {
        "bicorr": -0.013887649141272924,
        "percentile": 0.0,
        "tag": "_dec_29"
    },
    "1.1.4_C1": {
        "bicorr": 0.12538340404572712,
        "percentile": 18.75,
        "tag": "_dec_29"
    },
    "1.1.5_C1": {
        "bicorr": 0.25365069995518247,
        "percentile": 42.42424242424242,
        "tag": "_dec_29"
    },
    "1.1.6_C1": {
        "bicorr": 0.2215496028251451,
        "percentile": 21.875,
        "tag": "_dec_29"
    },
    "1.1.7_C1": {
        "bicorr": 0.03586300265573994,
        "percentile": 6.25,
        "tag": "_dec_29"
    },
    "1.1.8_C1": {
        "bicorr": 0.1068156931832267,
        "percentile": 10.0,
        "tag": "_dec_29"
    },
    "1.1.9_C1": {
        "bicorr": 0.016588789320198166,
        "percentile": 0.0,
        "tag": "_dec_29"
    },
    "1.2.10_C1": {
        "bicorr": -0.06978931969887127,
        "percentile": 0.0,
        "tag": "_dec_29"
    },
    "1.2.1_C1": {
        "bicorr": -0.01543028931402982,
        "percentile": 0.0,
        "tag": "_dec_29"
    },
    "1.2.2_C1": {
        "bicorr": 0.09239863929320435,
        "percentile": 17.24137931034483,
        "tag": "_dec_29"
    },
    "1.2.3_C1": {
        "bicorr": 0.01469496692591867,
        "percentile": 3.3333333333333335,
        "tag": "_dec_29"
    },
    "1.2.4_C1": {
        "bicorr": -0.021228833147127705,
        "percentile": 0.0,
        "tag": "_dec_29"
    },
    "1.2.5_C1": {
        "bicorr": -0.10376072285518018,
        "percentile": 0.0,
        "tag": "_dec_29"
    },
    "1.2.6_C1": {
        "bicorr": 0.15416408882128899,
        "percentile": 3.5714285714285716,
        "tag": "_dec_29"
    },
    "1.2.7_C1": {
        "bicorr": 0.10171440302897417,
        "percentile": 53.125,
        "tag": "_dec_29"
    },
    "1.2.8_C1": {
        "bicorr": -0.009941729737100377,
        "percentile": 0.0,
        "tag": "_dec_29"
    },
    "1.2.9_C1": {
        "bicorr": 0.03862436988618383,
        "percentile": 0.0,
        "tag": "_dec_29"
    },
    "1.3.1_C1": {
        "bicorr": 0.0019130973192367884,
        "percentile": 0.0,
        "tag": "_dec_29"
    },
    "1.3.2_C1": {
        "bicorr": 0.14131939467283913,
        "percentile": 13.793103448275861,
        "tag": "_dec_29"
    },
    "1.3.5_C1": {
        "bicorr": 0.011080336083865229,
        "percentile": 6.451612903225806,
        "tag": "_dec_29"
    },
    "1.3.6_C1": {
        "bicorr": -0.0654170013705582,
        "percentile": 0.0,
        "tag": "_dec_29"
    },
    "1.3.7_C1": {
        "bicorr": -0.10206388604804767,
        "percentile": 0.0,
        "tag": "_dec_29"
    },
    "1.3.8_C1": {
        "bicorr": 0.0033233094693140585,
        "percentile": 6.451612903225806,
        "tag": "_dec_29"
    },
    "2.2.10_C1": {
        "bicorr": 0.21088564976019078,
        "percentile": 39.39393939393939,
        "tag": "_dec_29"
    },
    "2.2.1_C1": {
        "bicorr": 0.06868265060048473,
        "percentile": 16.129032258064516,
        "tag": "_dec_29"
    },
    "2.2.6_C1": {
        "bicorr": -0.018172672770707398,
        "percentile": 0.0,
        "tag": "_dec_29"
    },
    "2.2.7_C1": {
        "bicorr": 0.11259826240405839,
        "percentile": 6.896551724137931,
        "tag": "_dec_29"
    },
    "2.2.8_C1": {
        "bicorr": 0.07754213097506078,
        "percentile": 12.5,
        "tag": "_dec_29"
    },
    "2.2.9_C1": {
        "bicorr": -0.00861476035844846,
        "percentile": 0.0,
        "tag": "_dec_29"
    },
    "2.3.1_C1": {
        "bicorr": -0.057390380984331274,
        "percentile": 0.0,
        "tag": "_dec_29"
    },
    "2.3.2_C1": {
        "bicorr": 0.011390230346022205,
        "percentile": 3.225806451612903,
        "tag": "_dec_29"
    },
    "2.3.5_C1": {
        "bicorr": 0.03166068668972255,
        "percentile": 0.0,
        "tag": "_dec_29"
    },
    "2.3.7_C1": {
        "bicorr": 0.005056628251262356,
        "percentile": 6.896551724137931,
        "tag": "_dec_29"
    },
    "2.4.1_C1": {
        "bicorr": 0.027253995847596604,
        "percentile": 7.142857142857143,
        "tag": "_dec_29"
    },
    "2.4.3_C1": {
        "bicorr": 0.2787779508022681,
        "percentile": 32.25806451612903,
        "tag": "_dec_29"
    },
    "2.4.5_C1": {
        "bicorr": 0.05660270197108089,
        "percentile": 6.0606060606060606,
        "tag": "_dec_29"
    },
    "2.4.6_C1": {
        "bicorr": 0.09213301684001157,
        "percentile": 12.903225806451612,
        "tag": "_dec_29"
    },
    "2.4.7_C1": {
        "bicorr": -0.011682804641229437,
        "percentile": 0.0,
        "tag": "_dec_29"
    },
    "2.4.9_C1": {
        "bicorr": 0.05884057984437525,
        "percentile": 0.0,
        "tag": "_dec_29"
    },
    "3.1.1_C1": {
        "bicorr": 0.07334419689801028,
        "percentile": 0.0,
        "tag": "_dec_29"
    },
    "3.1.2_C1": {
        "bicorr": 0.09005402621110654,
        "percentile": 10.344827586206897,
        "tag": "_dec_29"
    },
    "3.1.3_C1": {
        "bicorr": 0.08817244990538897,
        "percentile": 10.0,
        "tag": "_dec_29"
    },
    "3.1.4_C1": {
        "bicorr": -0.009871441924174664,
        "percentile": 0.0,
        "tag": "_dec_29"
    },
    "3.1.6_C1": {
        "bicorr": 0.027584051710173533,
        "percentile": 8.571428571428571,
        "tag": "_dec_29"
    },
    "3.1.8_C1": {
        "bicorr": 0.01193142852915251,
        "percentile": 0.0,
        "tag": "_dec_29"
    },
    "3.1.9_C1": {
        "bicorr": 0.11813649910412823,
        "percentile": 14.705882352941176,
        "tag": "_dec_29"
    },
    "3.3.10_C1": {
        "bicorr": null,
        "percentile": null,
        "tag": "_dec_29"
    },
    "3.3.1_C1": {
        "bicorr": -0.03589077589023423,
        "percentile": 0.0,
        "tag": "_dec_29"
    },
    "3.3.9_C1": {
        "bicorr": 0.07776995806399244,
        "percentile": 9.090909090909092,
        "tag": "_dec_29"
    },
    "3.4.1_C1": {
        "bicorr": 0.01476303059461665,
        "percentile": 0.0,
        "tag": "_dec_29"
    },
    "3.4.2_C1": {
        "bicorr": 0.11030317238280832,
        "percentile": 6.666666666666667,
        "tag": "_dec_29"
    },
    "3.4.3_C1": {
        "bicorr": 0.21832289606131414,
        "percentile": 9.67741935483871,
        "tag": "_dec_29"
    },
    "3.4.4_C1": {
        "bicorr": 0.14788228453537744,
        "percentile": 12.5,
        "tag": "_dec_29"
    },
    "3.4.5_C1": {
        "bicorr": 0.039845383759358845,
        "percentile": 0.0,
        "tag": "_dec_29"
    },
    "3.4.9_C1": {
        "bicorr": 0.14871596268043547,
        "percentile": 3.4482758620689653,
        "tag": "_dec_29"
    },
    "4.1.2_C1": {
        "bicorr": 0.200570042336441,
        "percentile": 16.129032258064516,
        "tag": "_dec_29"
    },
    "4.4.2_C1": {
        "bicorr": 0.12731633615824697,
        "percentile": 15.151515151515152,
        "tag": "_dec_29"
    },
    "4.4.4_C1": {
        "bicorr": 0.10391615946380675,
        "percentile": 9.67741935483871,
        "tag": "_dec_29"
    },
    "4.4.5_C1": {
        "bicorr": -0.02970529105316192,
        "percentile": 3.0303030303030303,
        "tag": "_dec_29"
    }
}